index,crop,image_url,description
0,rice,https://milnepublishing.geneseo.edu/app/uploads/sites/235/2020/06/image1-34-1024x768.jpeg,"Rice is one of the most widely grown crops globally and provides a stable income for farmers. 
It thrives in regions with abundant water supply, making it suitable for monsoon climates. 
The crop has a consistently high market demand, both domestically and internationally, ensuring farmers can sell their yield. 
Rice farming supports local ecosystems, and fields can be used for fish farming or duck rearing, adding extra income streams. 
The by-products, such as rice husks and straw, can be repurposed for livestock feed, organic compost, or bioenergy production. 
Additionally, with modern techniques like SRI (System of Rice Intensification), farmers can achieve higher yields with less water and fewer seeds, making rice a sustainable choice for long-term cultivation."
1,maize,https://cdn.britannica.com/36/167236-050-BF90337E/Ears-corn.jpg,"Maize is a highly versatile and resilient crop that grows well in various climates, making it accessible to farmers worldwide. 
It has a diverse range of uses, from human consumption to livestock feed, biofuel, and industrial products, offering multiple revenue streams. 
The crop matures relatively quickly, allowing for multiple harvests in a single year. 
With hybrid seed varieties, farmers can achieve significantly higher yields, even in less fertile soil. 
Maize stalks and leaves can be used as silage or mulch, reducing waste and improving soil quality. 
The steady demand for maize, both locally and in export markets, ensures a reliable income for farmers, while government subsidies and research advancements continue to support maize production."
2,chickpea,https://www.haifa-group.com/sites/default/files/chickpeas.jpg,"Chickpeas are a nutrient-dense legume that enriches the soil by fixing atmospheric nitrogen, reducing the need for synthetic fertilizers. 
They are hardy and drought-resistant, making them ideal for farmers in semi-arid regions with limited water access. 
Chickpeas have a high protein content, driving strong market demand in both local and international markets, especially in vegetarian and health-conscious communities. 
The crop requires relatively low maintenance, with minimal pest and disease pressures compared to other legumes. 
After harvest, the plant residues can be used as green manure, further boosting soil fertility. 
With the rising global demand for plant-based protein, chickpea cultivation offers farmers a sustainable and profitable agricultural venture that contributes to long-term land health."
3,kidneybeans,https://www.asiafarming.com/wp-content/uploads/2017/07/Growing-Kidney-Beans..jpg,"Kidney beans are a highly nutritious and protein-rich crop with steady market demand worldwide. 
They thrive in various climates and can be grown in rotation with cereals to enhance soil health through nitrogen fixation. 
The crop is relatively low-maintenance, requiring moderate water and showing good resistance to pests when managed properly. 
Kidney beans are easy to store and transport, reducing post-harvest losses for farmers. 
Their long shelf life ensures farmers can wait for optimal market conditions to sell their produce at better prices. 
The crop’s popularity in vegetarian diets and its use in canned and processed foods further boost its commercial viability, making it a valuable choice for small and large-scale farmers alike."
4,pigeonpeas,https://www.icrisat.org/assets/crops/pigeonpea-banner.jpg,"Pigeon peas are an incredibly hardy crop, capable of withstanding drought and poor soil conditions, making them ideal for regions with unpredictable rainfall. 
They are nitrogen-fixing legumes, which means they naturally enrich the soil, improving fertility for subsequent crops. 
Pigeon peas have multiple uses — the seeds are a nutritious food source, while the leaves and stems can be used as animal fodder or green manure. 
The crop has a long harvest period, allowing farmers to pick pods as they mature, reducing post-harvest losses. 
With growing international demand for plant-based proteins and traditional pulses, pigeon peas offer farmers a stable market and the added benefit of enhancing their land's productivity for future planting seasons."
5,mothbeans,https://mylittlehomegarden.wordpress.com/wp-content/uploads/2021/04/1c7ab-photogrid_1618421436017255b1255d.jpg,"Moth beans are a drought-tolerant legume, making them ideal for arid and semi-arid regions. 
They require minimal water and can thrive in poor soil conditions, reducing input costs for farmers. 
As a nitrogen-fixing crop, moth beans naturally replenish soil nutrients, improving soil health for future crops. 
The beans are rich in protein and fiber, ensuring steady demand in both local and export markets. 
Farmers benefit from moth beans' resilience to harsh weather, reducing crop failure risks. 
Their short growing cycle allows for quick harvests, freeing land for other crops. 
Moth beans also contribute to crop diversification, helping farmers build more sustainable, resilient agricultural systems."
6,mugbean,https://cdn.britannica.com/12/158012-050-F79D3126/mung-beans-dishes-desserts-soups.jpg,"mugbean is a highly versatile and resilient crop that grows well in various climates, making it accessible to farmers worldwide. 
It has a diverse range of uses, from human consumption to livestock feed, biofuel, and industrial products, offering multiple revenue streams. 
The crop matures relatively quickly, allowing for multiple harvests in a single year. 
With hybrid seed varieties, farmers can achieve significantly higher yields, even in less fertile soil. 
mugbean stalks and leaves can be used as silage or mulch, reducing waste and improving soil quality. 
The steady demand for maize, both locally and in export markets, ensures a reliable income for farmers, while government subsidies and research advancements continue to support maize production."
7,blackgram,https://www.asiafarming.com/wp-content/uploads/2018/02/Black-Gram-Growing-and-Cultivation-Practices.-e1523079398684.jpg,"Black gram is a valuable pulse crop with robust market demand, especially in South Asia. 
It thrives in dryland areas, requiring minimal water and making it suitable for regions with erratic rainfall. 
The crop fixes atmospheric nitrogen, enriching soil nutrients and benefiting future crop cycles. 
Black gram is rich in protein, iron, and fiber, boosting its nutritional value and consumer demand. 
It fetches high market prices, especially in regions where pulses are dietary staples. 
The plant's residues can be used as fodder, reducing waste and adding another income source for farmers. 
With its soil-enriching properties and high-profit potential, black gram is a resilient, rewarding choice for sustainable farming."
8,lentil,https://heartbeetfarms.com/wp-content/uploads/2021/01/lentil-harvest-scaled.jpg,"Lentils are a versatile and nutrient-rich crop, high in protein and essential vitamins, driving consistent consumer demand globally. 
They are hardy and can grow in poor soil conditions, making them suitable for marginal lands. 
As a legume, lentils enhance soil fertility through nitrogen fixation, reducing fertilizer costs for farmers. 
The crop is relatively low-maintenance, with good resistance to drought and pests. 
Lentils store well, allowing farmers to hold onto their produce for better market prices. 
Their use in soups, stews, and plant-based diets ensures long-term market viability. 
Lentils provide farmers with a sustainable, high-return crop that supports both soil health and market profitability."
9,pomegranate,https://www.apnikheti.com/upload/crops/131idea99pomegrarnate.jpg,"Pomegranates are a high-value fruit crop with growing global demand due to their health benefits and rich antioxidant content. 
They are well-suited for dry and semi-arid regions, thriving in hot climates with minimal water requirements. 
The fruit has a long shelf life, making it ideal for export and reducing post-harvest losses. 
Farmers can earn premium prices, especially for high-quality, organically grown varieties. 
Pomegranate trees are hardy and resilient, with low susceptibility to pests and diseases. 
Additionally, the by-products — like peels and seeds — can be used in cosmetics and nutraceuticals, adding extra value. 
With their low-input needs and high market potential, pomegranates are an excellent investment for farmers."
10,banana,"https://static.wixstatic.com/media/5f1a7b_5d7ad7c672994fb7a51232496e951ff7~mv2.jpg/v1/fill/w_1582,h_797,al_c,q_85/cbanana_edited.jpg","Bananas are one of the most widely consumed fruits globally, ensuring a reliable market for farmers. 
They grow quickly, producing fruit year-round, providing continuous income streams. 
Banana plants help prevent soil erosion and can be intercropped with smaller plants for better land utilization. 
The entire plant is useful — leaves for packaging, stems for fiber, and fruit for food or processing. 
With modern irrigation techniques, banana yields can be maximized even in drier regions. 
Bananas are highly versatile, used in fresh consumption, baking, chips, and baby food products. 
Their steady demand, coupled with multiple revenue opportunities, makes bananas a profitable and sustainable crop choice."
11,mango,https://img.khetivyapar.com/images/blogs/1707976811-how-to-do-mango-farming-know-the-advanced-varieties-of-mango.jpg,"Mangoes are a lucrative cash crop with high demand locally and internationally, especially for premium varieties. 
Mango trees are hardy and can tolerate periods of drought, making them suitable for tropical and subtropical climates. 
Once mature, the trees produce fruit for decades, providing long-term income with relatively low maintenance. 
The fruit can be consumed fresh, dried, or processed into juices, jams, and pickles, expanding market opportunities. 
Mango orchards enhance biodiversity, supporting pollinators and local wildlife. 
With strategic pruning and pest management, farmers can consistently produce high-quality fruit. 
Mango farming offers both financial stability and ecological benefits, making it a valuable investment for agricultural communities."
12,grapes,"https://www.netafimindia.com/cdn-cgi/image/format=auto,fit=crop,quality=80,width=750,/contentassets/8aa921ed48dd4f08bb0eaa0fad45fbd2/grape-field.png?v=492e89","Grapes are a high-value crop with diverse market opportunities, including fresh consumption, winemaking, and dried products like raisins. 
They grow well in warm, dry climates and can be cultivated on slopes, optimizing land use. 
Grape vines can produce fruit for decades, offering long-term profitability with careful management. 
Farmers can choose varieties suited for table grapes, juice production, or export, diversifying revenue streams. 
The global wine industry drives significant demand, with vineyards fetching premium prices for quality grapes. 
With proper irrigation and trellising systems, grape yields can be maximized. 
Grape cultivation not only offers strong market potential but also attracts tourism, creating additional income sources for growers."
13,watermelon,https://eos.com/wp-content/uploads/2024/05/growing-watermelons-main.png.webp,"Watermelons are a profitable crop with consistent market demand, especially during summer. 
They grow well in sandy, well-drained soils and require warm climates with ample sunlight. 
Watermelons have high yields, producing large fruits that fetch premium prices in local and export markets. 
The fruit’s hydration and nutrient content appeal to health-conscious consumers. 
With proper irrigation and spacing, farmers can maximize output per acre. 
Watermelon vines act as ground cover, reducing weed growth and preserving soil moisture. 
The crop has a relatively short growth cycle, enabling multiple harvests in a year. 
Its combination of high returns, fast growth, and consumer appeal makes watermelon farming a lucrative option for small and large-scale farmers alike."
14,muskmelon,https://www.apnikheti.com/upload/crops/6086idea99muskmelons-387466_960_720.jpg,"Muskmelons are a high-demand fruit known for their sweet, fragrant flesh and nutritional benefits. 
They grow best in warm, dry climates with well-drained soils, making them suitable for arid regions. 
The fruit matures quickly, allowing for rapid market turnover and multiple growing cycles annually. 
Muskmelons are rich in vitamins and antioxidants, appealing to health-conscious consumers. 
Their vines cover the ground, suppressing weeds and protecting soil moisture. 
With proper trellising, yields can be increased, optimizing space and fruit quality. 
The crop has strong domestic and export potential, especially in regions with high fruit consumption. 
Muskmelon farming offers farmers quick returns, high market prices, and the opportunity to cultivate a beloved, nutritious fruit."
15,apple,https://t3.ftcdn.net/jpg/03/53/51/22/360_F_353512277_oSyO6ft8BqLTzDjoxHtbKPyqXnJ3WO3A.jpg,"Apple farming is a long-term investment that yields high profits, especially with premium and export-quality varieties. 
Apple trees thrive in temperate climates and can produce fruit for decades with proper care. 
The fruit is packed with nutrients, driving strong consumer demand globally. 
Farmers can diversify with different apple varieties, catering to various market segments. 
Apples store well, allowing producers to time sales for peak prices. 
Orchards promote biodiversity, supporting pollinators and improving ecosystem health. 
With modern grafting techniques, growers can optimize fruit quality and tree longevity. 
Apple farming provides lasting income, ecological benefits, and a place in thriving local and international markets."
16,orange,https://www.apnikheti.com/upload/crops/4257idea99oranges-on-citrus-tree.jpg,"Oranges are a globally popular fruit with year-round market demand for fresh consumption and juice production. 
They grow well in subtropical and tropical climates, thriving in well-drained, sandy soils. 
Orange trees are long-lived and can produce fruit for decades, ensuring steady income for farmers. 
The fruit’s high vitamin C content and health benefits drive consistent consumer interest. 
Farmers can capitalize on multiple markets — fresh fruit, juice, essential oils, and even peel-based products. 
Orchards contribute to biodiversity and can serve as windbreaks for smaller crops. 
With proper irrigation and pest management, yields and fruit quality can be significantly improved. 
Orange farming offers farmers long-term profitability, crop versatility, and access to both local and export markets."
17,papaya,https://4.imimg.com/data4/ID/FN/ANDROID-8412257/product.jpeg,"Papayas are a fast-growing tropical fruit crop with high market demand for their nutritional and digestive benefits. 
The plants produce fruit within a year, offering quick returns for farmers. 
Papayas thrive in warm climates with moderate rainfall and well-drained soils. 
The fruit is used fresh, in smoothies, jams, and even in medicinal products due to its enzyme content. 
Papaya trees are low-maintenance, with minimal pest and disease issues. 
Their rapid growth allows for continuous production, maximizing yearly yields. 
Papayas have high export potential, especially in regions seeking exotic, health-promoting fruits. 
With quick growth, versatile uses, and strong market demand, papaya farming is an excellent choice for farmers seeking fast and consistent profits."
18,coconut,https://www.croptrust.org/fileadmin/uploads/croptrust/Photos/Crops/Coconut.jpeg,"Coconuts are a highly versatile crop with nearly every part of the tree having commercial value. 
They thrive in coastal and tropical areas, withstanding salty conditions and high humidity. 
The fruit is in constant demand for water, oil, and processed products like desiccated coconut. 
Coconut trees have long lifespans, providing steady harvests for decades. 
The by-products — husks, shells, and leaves — can be used for fiber, fuel, and crafts, adding multiple income streams. 
Coconut palms help prevent soil erosion and support coastal ecosystems. 
With rising demand for plant-based oils and sustainable products, coconuts offer farmers diverse revenue opportunities. 
Their resilience, longevity, and market versatility make coconuts a valuable, sustainable agricultural investment."
19,cotton,https://ankurseeds.com/media/wp-content/uploads/2020/02/cotton-cultivation.jpg,"Cotton is a major cash crop with vast global demand for textiles and industrial products. 
It grows well in warm climates with moderate rainfall and well-drained soils. 
Cotton plants produce lint for fabric, while seeds yield valuable oil and animal feed. 
The crop is highly mechanizable, reducing labor costs with modern farming techniques. 
Farmers can benefit from government subsidies and research-backed improvements in pest-resistant varieties. 
Cotton has a wide value chain — from raw fiber to finished garments — ensuring long-term market viability. 
With proper crop rotation, soil fertility can be maintained for sustainable production. 
Cotton farming provides farmers with multiple income streams, strong market demand, and access to a thriving global industry."
20,jute,https://researchoutreach.org/wp-content/uploads/2021/06/Shahidul-Islam-3-Main-Image-1200x720.jpg,"Jute is a durable, eco-friendly fiber crop with growing demand in sustainable product markets. 
It grows rapidly, thriving in warm, humid regions with minimal fertilizer needs. 
Jute plants improve soil structure and add organic matter, benefiting future crops. 
The fiber is used for bags, ropes, mats, and biodegradable alternatives to plastic. 
Jute farming is labor-intensive but has low input costs, making it accessible for small-scale farmers. 
The crop contributes to rural employment, with jobs in farming, processing, and weaving. 
With rising global interest in sustainable materials, jute offers excellent market potential. 
Its soil-enriching properties, low costs, and environmental benefits make jute a valuable addition to sustainable agriculture."
21,coffee,https://rukminim2.flixcart.com/image/850/1000/xif0q/shopsy-plant-sapling/h/p/t/perennial-no-yes-coffee-tree-plant-1-punarva-original-imahyxrc44rvpghk.jpeg,"Coffee is one of the most valuable cash crops globally, with high demand in local and international markets. 
It grows best in tropical highlands with well-drained, nutrient-rich soils. 
Coffee plants provide steady income once mature, producing beans for decades. 
The crop’s by-products — like pulp and husks — can be used for compost, reducing waste and enhancing soil fertility. 
Farmers can target specialty coffee markets, where quality beans fetch premium prices. 
Shade-grown coffee promotes biodiversity and preserves natural ecosystems. 
With proper pruning and care, yields and bean quality can be optimized. 
Coffee farming combines environmental benefits with strong market opportunities, making it an excellent long-term investment for farmers."
